<ImportExportXml xmlns:xsi="http://www.w3.org/2001/XMLSchema-instance">
  <Entities></Entities>
  <Roles></Roles>
  <Workflows></Workflows>
  <FieldSecurityProfiles></FieldSecurityProfiles>
  <Templates />
  <EntityMaps />
  <EntityRelationships />
  <OrganizationSettings />
  <optionsets />
  <CustomControls />
  <EntityDataProviders />
  <CanvasApps>
    <CanvasApp>
      <Name>crd32_peopleandgroupspicker_331f9</Name>
      <AppVersion>2023-05-18T06:04:40Z</AppVersion>
      <Status>Ready</Status>
      <CreatedByClientVersion>3.23052.19.0</CreatedByClientVersion>
      <MinClientVersion>3.23052.19.0</MinClientVersion>
      <Tags>{"primaryDeviceWidth":"1366","primaryDeviceHeight":"768","supportsPortrait":"true","supportsLandscape":"true","primaryFormFactor":"Tablet","publisherVersion":"3.23052.19","minimumRequiredApiVersion":"2.2.0","hasComponent":"true","hasUnlockedComponent":"true","isUnifiedRootApp":"false","sienaVersion":"20230517T200744Z-3.23051.23.0"}</Tags>
      <IsCdsUpgraded>0</IsCdsUpgraded>
      <GalleryItemId xsi:nil="true"></GalleryItemId>
      <BackgroundColor>rgba(138, 7, 186, 1)</BackgroundColor>
      <DisplayName>People and Groups Picker</DisplayName>
      <Description xsi:nil="true"></Description>
      <CommitMessage xsi:nil="true"></CommitMessage>
      <Publisher xsi:nil="true"></Publisher>
      <AuthorizationReferences>[]</AuthorizationReferences>
      <ConnectionReferences>{"6a7a13cb-ed26-4418-b633-6f53fb78dfbb":{"id":"/providers/microsoft.powerapps/apis/shared_office365users","displayName":"Office 365 Users","iconUri":"https://connectoricons-prod.azureedge.net/releases/v1.0.1626/1.0.1626.3238/office365users/icon.png","dataSources":["Office365Users"],"dependencies":[],"dependents":[],"parameterHints":{},"parameterHintsV2":{},"isOnPremiseConnection":false,"dataSets":{},"apiTier":"Standard","actions":["UserPhotoV2","UserPhotoMetadata","SearchUserV2"]},"8b82e0ca-65fe-4c44-b232-4d91a38dbecc":{"id":"/providers/microsoft.powerapps/apis/shared_office365groups","displayName":"Office 365 Groups","iconUri":"https://connectoricons-prod.azureedge.net/releases/v1.0.1626/1.0.1626.3238/office365groups/icon.png","dataSources":["Office365Groups"],"dependencies":[],"dependents":[],"parameterHints":{},"parameterHintsV2":{},"isOnPremiseConnection":false,"dataSets":{},"apiTier":"Standard","actions":["ListGroups"]}}</ConnectionReferences>
      <DatabaseReferences>{}</DatabaseReferences>
      <AppComponents>[{"appComponentName":"345f9f82832942b9a7cc0cbf9bf5d3ba","displayName":"PeopleAndGroupsPicker","appName":"1bceaa9e-c61e-438f-a0d6-25d254060371","appVersion":"2023-05-18T06:04:40Z","appComponentLibraryLogicalName":"crd32_peopleandgroupspicker_331f9","appDisplayName":"People and Groups Picker","environmentName":"4cf99f16-624a-e0b1-ab7f-8334e09c3044","owner":{"id":"3007df7b-6019-41c2-9061-a3710370a5e1","displayName":"Katerina Chernevskaya","email":"Katerina.Chernevskaya@ms-learn.com","type":"User","tenantId":"36316c20-f805-407d-92d7-6c4933f389b9","userPrincipalName":"Katerina.Chernevskaya@ms-learn.com"},"allowCustomization":true,"createdOn":"2023-05-17T20:07:44.29Z","lastModifiedOn":"2023-05-17T20:07:44.35Z","connectionReferences":{"6a7a13cb-ed26-4418-b633-6f53fb78dfbb":{"id":"/providers/microsoft.powerapps/apis/shared_office365users","dataSources":["Office365Users"],"dependencies":[],"dependents":[],"parameterHints":{},"parameterHintsV2":{},"isOnPremiseConnection":false,"dataSets":{},"actions":["UserPhotoV2","UserPhotoMetadata","SearchUserV2"]},"8b82e0ca-65fe-4c44-b232-4d91a38dbecc":{"id":"/providers/microsoft.powerapps/apis/shared_office365groups","dataSources":["Office365Groups"],"dependencies":[],"dependents":[],"parameterHints":{},"parameterHintsV2":{},"isOnPremiseConnection":false,"dataSets":{},"actions":["ListGroups"]}},"databaseReferences":{}}]</AppComponents>
      <AppComponentDependencies>[]</AppComponentDependencies>
      <CanConsumeAppPass>1</CanConsumeAppPass>
      <CanvasAppType>1</CanvasAppType>
      <BypassConsent>0</BypassConsent>
      <AdminControlBypassConsent>0</AdminControlBypassConsent>
      <EmbeddedApp xsi:nil="true"></EmbeddedApp>
      <IntroducedVersion>1.0</IntroducedVersion>
      <CdsDependencies>{"cdsdependencies":[]}</CdsDependencies>
      <IsCustomizable>1</IsCustomizable>
      <BackgroundImageUri>/CanvasApps/crd32_peopleandgroupspicker_331f9_BackgroundImageUri</BackgroundImageUri>
      <DocumentUri>/CanvasApps/crd32_peopleandgroupspicker_331f9_DocumentUri.msapp</DocumentUri>
    </CanvasApp>
  </CanvasApps>
  <Languages>
    <Language>1033</Language>
  </Languages>
</ImportExportXml>