<ImportExportXml version="9.2.23043.212" SolutionPackageVersion="9.2" languagecode="1033" generatedBy="CrmLive" xmlns:xsi="http://www.w3.org/2001/XMLSchema-instance">
  <SolutionManifest>
    <UniqueName>ExportComponentsd8ebed58ab6242c4ba12745700446c49</UniqueName>
    <LocalizedNames>
      <LocalizedName description="ExportComponentsd8ebed58ab6242c4ba12745700446c49" languagecode="1033" />
    </LocalizedNames>
    <Descriptions />
    <Version>1.0</Version>
    <Managed>0</Managed>
    <Publisher>
      <UniqueName>Crfe40d</UniqueName>
      <LocalizedNames>
        <LocalizedName description="CDS Default Publisher" languagecode="1033" />
      </LocalizedNames>
      <Descriptions />
      <EMailAddress xsi:nil="true"></EMailAddress>
      <SupportingWebsiteUrl xsi:nil="true"></SupportingWebsiteUrl>
      <CustomizationPrefix>crd32</CustomizationPrefix>
      <CustomizationOptionValuePrefix>36245</CustomizationOptionValuePrefix>
    </Publisher>
    <RootComponents>
      <RootComponent type="300" schemaName="crd32_peopleandgroupspicker_331f9" behavior="0" />
    </RootComponents>
    <MissingDependencies />
  </SolutionManifest>
</ImportExportXml>